text,sentiment
Shareholders saw increased dividends,positive
Stock prices declined sharply today,negative
The economy is showing signs of weakness,negative
Revenue increased significantly,positive
Shareholders saw increased dividends,positive
The economy is showing signs of recovery,positive
Acquisitions are boosting market confidence,positive
Acquisitions are boosting market confidence,positive
Layoffs raised concerns among stakeholders,negative
Investors are concerned about inflation,negative
New partnerships expanded the business,positive
Regulatory issues caused market instability,negative
Stock prices hit a record high,positive
Analysts upgraded the stock rating,positive
The company missed earnings estimates,negative
Debt levels are hurting the company's value,negative
Analysts upgraded the stock rating,positive
Debt levels are hurting the company's value,negative
The company posted strong quarterly results,positive
Stock prices hit a record high,positive
Acquisitions are boosting market confidence,positive
Stock prices hit a record high,positive
Analysts downgraded the stock rating,negative
Revenue dropped this quarter,negative
The economy is showing signs of weakness,negative
The company missed earnings estimates,negative
Analysts downgraded the stock rating,negative
Regulatory issues caused market instability,negative
Shareholders saw increased dividends,positive
Negative outlook caused panic selling,negative
Analysts upgraded the stock rating,positive
The company posted strong quarterly results,positive
Analysts downgraded the stock rating,negative
Negative outlook caused panic selling,negative
The company missed earnings estimates,negative
Revenue dropped this quarter,negative
Acquisitions are boosting market confidence,positive
Acquisitions are boosting market confidence,positive
Regulatory issues caused market instability,negative
Positive earnings surprised Wall Street,positive
New partnerships expanded the business,positive
The company missed earnings estimates,negative
Investors are optimistic about growth,positive
Revenue dropped this quarter,negative
Revenue dropped this quarter,negative
Revenue increased significantly,positive
Analysts downgraded the stock rating,negative
Analysts downgraded the stock rating,negative
Analysts upgraded the stock rating,positive
The company posted strong quarterly results,positive
